feature,chi2_statistic,p_value,degrees_of_freedom,significant
flow_rate,66240.00000000001,0.3515612813130909,66102,False
pressure,66240.00000000003,0.35156128131307607,66102,False
temperature,66240.00000000001,0.3515612813130909,66102,False
duration,66240.00000000001,0.3515612813130909,66102,False
usage_type,286.8803366544588,0.3136832360892957,276,False
time_of_day,3172.078410838264,0.5062850630405212,3174,False
water_hardness,66240.00000000001,0.3515612813130909,66102,False
