,flow_rate,pressure,temperature,duration,usage_type,time_of_day,water_hardness
flow_rate,1.0,-0.07130949307509102,-0.0638003465106388,0.04626482430482102,-0.018090289750136924,0.006308350771794168,0.031236031030930634
pressure,-0.07130949307509102,1.0,0.07693102452060933,0.010418344289413949,0.06656015869578565,0.012105752978122277,0.025827272315960093
temperature,-0.0638003465106388,0.07693102452060933,1.0,0.03533742515233363,0.0029572350066667977,-0.07315490110101575,0.005800137744142027
duration,0.04626482430482102,0.010418344289413949,0.03533742515233363,1.0,-0.017792825955917926,0.009411397061071528,0.02029011253543892
usage_type,-0.018090289750136924,0.06656015869578565,0.0029572350066667977,-0.017792825955917926,1.0,-0.01975937781157606,0.011226215915310214
time_of_day,0.006308350771794168,0.012105752978122277,-0.07315490110101575,0.009411397061071528,-0.01975937781157606,1.0,0.008160638107194463
water_hardness,0.031236031030930634,0.025827272315960093,0.005800137744142027,0.02029011253543892,0.011226215915310214,0.008160638107194463,1.0
